Mass [m/z],Formula [M],Species,CS [z],Polarity,Start [min],End [min],NCE,Comment
484.727249,,,2,Positive,12,16,27,YGVSDYHK (light)
488.734348,,,2,Positive,12,16,27,YGVSDYHK (heavy)
393.727052,,,2,Positive,0,14,27,NLINNAK (light)
397.734151,,,2,Positive,0,14,27,NLINNAK (heavy)
594.316959,,,2,Positive,30,40,27,DLQAQVVESAK (light)
598.324059,,,2,Positive,30,40,27,DLQAQVVESAK (heavy)
698.353739,,,2,Positive,40,55,27,ISEATDGLSDFLK (light)
702.360838,,,2,Positive,40,55,27,ISEATDGLSDFLK (heavy)
538.266935,,,2,Positive,10,15,27,SQTPAEDTVK (light)
542.274035,,,2,Positive,10,15,27,SQTPAEDTVK (heavy)
430.739825,,,2,Positive,20,30,27,SIELAEAK (light)
434.746925,,,2,Positive,20,30,27,SIELAEAK (heavy)
497.729457,,,2,Positive,16,20,27,YGVSDYYK (light)
501.736557,,,2,Positive,16,20,27,YGVSDYYK (heavy)
